epoch,time,train/box_loss,train/cls_loss,train/dfl_loss,metrics/precision(B),metrics/recall(B),metrics/mAP50(B),metrics/mAP50-95(B),val/box_loss,val/cls_loss,val/dfl_loss,lr/pg0,lr/pg1,lr/pg2,lr/pg3,lr/pg4,lr/pg5,lr/pg6,lr/pg7
1,221.546,1.82468,3.62531,1.73952,0,0,0,0,0,100.21,0,0.00075015,0.00025005,0.00075015,0.00025005,0.00075015,0.00025005,0.00075015,0.00025005
2,436.575,1.73099,3.58153,1.64786,0,0,0,0,0,101.123,0,0.00124335,0.00041445,0.00124335,0.00041445,0.00124335,0.00041445,0.00124335,0.00041445
