epoch,time,train/box_loss,train/cls_loss,train/dfl_loss,metrics/precision(B),metrics/recall(B),metrics/mAP50(B),metrics/mAP50-95(B),val/box_loss,val/cls_loss,val/dfl_loss,lr/pg0,lr/pg1,lr/pg2
1,37.8306,1.98764,4.39235,1.83966,0.00163,0.4,0.02079,0.00845,2.00266,5.36391,1.82218,5.001e-05,5.001e-05,5.001e-05
2,75.0079,1.97916,4.3471,1.74484,0.0018,0.44545,0.1888,0.09743,1.54531,4.88357,1.63551,9.35854e-05,9.35854e-05,9.35854e-05
3,112.199,1.81901,4.42722,1.63552,0.00195,0.53636,0.23276,0.12845,1.51229,4.86255,1.63355,0.000110755,0.000110755,0.000110755
4,149.282,1.69872,3.4046,1.54151,0.00179,0.53636,0.24174,0.12703,1.53742,4.81844,1.62475,0.00010152,0.00010152,0.00010152
5,185.83,1.77664,3.41613,1.4554,0.00169,0.53636,0.18313,0.10416,1.46183,4.67671,1.56259,6.58798e-05,6.58798e-05,6.58798e-05
