epoch,time,train/box_loss,train/cls_loss,train/dfl_loss,metrics/precision(B),metrics/recall(B),metrics/mAP50(B),metrics/mAP50-95(B),val/box_loss,val/cls_loss,val/dfl_loss,lr/pg0,lr/pg1,lr/pg2,lr/pg3,lr/pg4,lr/pg5,lr/pg6,lr/pg7
1,200.866,1.85771,4.03535,1.75245,0.00139,0.36667,0.0379,0.01632,1.57642,5.32155,1.79243,0.00075015,0.00025005,0.00075015,0.00025005,0.00075015,0.00025005,0.00075015,0.00025005
2,409.287,1.76889,4.00943,1.65213,0.00119,0.4,0.08634,0.05821,1.37073,5.0218,1.69283,0.00124335,0.00041445,0.00124335,0.00041445,0.00124335,0.00041445,0.00124335,0.00041445
3,608.49,1.65998,3.84962,1.59437,0.00115,0.44314,0.1359,0.08247,1.32132,5.09532,1.64009,0.00141968,0.000473228,0.00141968,0.000473228,0.00141968,0.000473228,0.00141968,0.000473228
4,804.874,1.63204,3.68407,1.54926,0.00125,0.49608,0.11253,0.06246,1.3456,4.997,1.67174,0.00127916,0.000426385,0.00127916,0.000426385,0.00127916,0.000426385,0.00127916,0.000426385
5,1004.15,1.60478,3.54415,1.49757,0.00125,0.48627,0.16114,0.10078,1.31561,4.91045,1.66192,0.000821764,0.000273921,0.000821764,0.000273921,0.000821764,0.000273921,0.000821764,0.000273921
