{"_runtime":1016,"_step":0,"final/mAP50":0.16143798627437655,"final/mAP50-95":0.10035079490192159,"final/precision":0.0012482876867668804,"final/recall":0.4862745098039216,"_timestamp":1.7684748978579292e+09,"_wandb":{"runtime":1016}}