{"final/mAP50-95":0.015838038091330036,"final/precision":0.001396224906109351,"_wandb":{"runtime":230},"_runtime":230,"final/recall":0.36666666666666664,"_timestamp":1.768472649185194e+09,"_step":0,"final/mAP50":0.03786689444015678}