{"_wandb":{"runtime":212},"_runtime":212,"final/precision":0.001396224906109351,"final/recall":0.36666666666666664,"_timestamp":1.7684738115920448e+09,"_step":0,"final/mAP50":0.03786689444015678,"final/mAP50-95":0.015838038091330036}